<?xml version="1.0" encoding="UTF-8"?>
<project-private xmlns="http://www.netbeans.org/ns/project-private/1">
    <editor-bookmarks xmlns="http://www.netbeans.org/ns/editor-bookmarks/2" lastBookmarkId="0"/>
    <open-files xmlns="http://www.netbeans.org/ns/projectui-open-files/2">
        <group>
            <file>file:/C:/Users/lab7aluno/Documents/NetBeansProjects/C1/src/Aula/C4.java</file>
            <file>file:/C:/Users/lab7aluno/Documents/NetBeansProjects/C1/src/Aula/C1.java</file>
            <file>file:/C:/Users/lab7aluno/Documents/NetBeansProjects/C1/src/Aula/C5.java</file>
            <file>file:/C:/Users/lab7aluno/Documents/NetBeansProjects/C1/src/Aula/C2.java</file>
            <file>file:/C:/Users/lab7aluno/Documents/NetBeansProjects/C1/src/Aula/Painel.java</file>
            <file>file:/C:/Users/lab7aluno/Documents/NetBeansProjects/C1/src/Aula/C3.java</file>
        </group>
    </open-files>
</project-private>
